Customer_ID,total_orders,total_spending,avg_order_value,total_quantity,avg_rating,cluster
C1001,8,2260.0,282.5,15.0,4.1,0
C1002,3,620.0,206.66666666666666,7.0,4.066666666666666,1
C1003,1,90.0,90.0,1.0,4.6,1
C1004,4,670.0,167.5,5.0,4.075,1
C1005,7,1370.0,195.71428571428572,9.0,3.914285714285714,0
C1006,4,1300.0,325.0,7.0,3.95,0
C1007,2,580.0,290.0,3.0,4.4,1
C1008,3,460.0,153.33333333333334,4.0,4.3999999999999995,1
C1009,3,530.0,176.66666666666666,5.0,4.2,1
C1010,4,1620.0,405.0,8.0,4.25,0
C1011,1,220.0,220.0,2.0,4.5,1
C1012,3,470.0,156.66666666666666,3.0,3.733333333333333,1
C1013,5,780.0,156.0,7.0,4.4399999999999995,1
C1014,5,1080.0,216.0,7.0,4.1,0
C1015,5,870.0,174.0,7.0,4.14,0
C1016,1,130.0,130.0,1.0,4.1,1
C1017,2,270.0,135.0,3.0,4.35,1
C1018,1,300.0,300.0,2.0,3.5,1
C1019,2,730.0,365.0,3.0,4.0,1
C1020,3,1020.0,340.0,7.0,4.033333333333333,0
C1021,2,600.0,300.0,3.0,3.9,1
C1022,3,820.0,273.3333333333333,7.0,4.066666666666666,1
C1023,4,580.0,145.0,5.0,4.2250000000000005,1
C1025,5,740.0,148.0,5.0,4.0200000000000005,1
C1026,3,1460.0,486.6666666666667,6.0,5.0,0
C1027,1,80.0,80.0,1.0,2.8,1
C1028,5,780.0,156.0,6.0,4.26,1
C1029,3,1030.0,343.3333333333333,5.0,4.333333333333333,1
C1030,1,80.0,80.0,1.0,4.8,1
C1031,1,90.0,90.0,1.0,4.2,1
C1033,3,1070.0,356.6666666666667,5.0,3.6666666666666665,1
C1034,4,750.0,187.5,6.0,4.449999999999999,1
C1035,6,1140.0,190.0,9.0,4.516666666666667,0
C1036,4,750.0,187.5,5.0,3.925,1
C1037,3,660.0,220.0,5.0,4.566666666666666,1
C1038,5,1570.0,314.0,9.0,4.04,0
C1039,8,1450.0,181.25,12.0,4.2625,0
C1040,1,240.0,240.0,3.0,4.2,1
C1041,3,940.0,313.3333333333333,5.0,3.6,1
C1042,5,1690.0,338.0,9.0,3.8200000000000003,0
C1043,2,490.0,245.0,5.0,4.25,1
C1044,4,480.0,120.0,4.0,4.5,1
C1045,1,150.0,150.0,1.0,3.1,1
C1046,3,790.0,263.3333333333333,6.0,4.3,1
C1047,6,1700.0,283.3333333333333,13.0,4.166666666666667,0
C1048,3,710.0,236.66666666666666,5.0,4.433333333333334,1
C1049,4,910.0,227.5,6.0,4.1,1
C1050,1,210.0,210.0,1.0,4.4,1
C1051,7,1050.0,150.0,10.0,4.628571428571428,0
C1052,3,910.0,303.3333333333333,5.0,3.5,1
C1053,7,1810.0,258.57142857142856,11.0,4.085714285714286,0
C1054,7,1310.0,187.14285714285714,11.0,3.8428571428571425,0
C1055,2,480.0,240.0,3.0,4.75,1
C1056,2,640.0,320.0,4.0,3.25,1
C1057,1,110.0,110.0,1.0,5.0,1
C1058,6,1510.0,251.66666666666666,10.0,4.2,0
C1059,1,570.0,570.0,3.0,3.9,1
C1060,3,1470.0,490.0,6.0,3.6666666666666665,0
C1061,2,960.0,480.0,6.0,4.050000000000001,1
C1062,5,1020.0,204.0,8.0,4.0200000000000005,0
C1063,8,2190.0,273.75,14.0,4.0625,0
C1065,3,430.0,143.33333333333334,4.0,4.066666666666666,1
C1066,2,330.0,165.0,2.0,3.9000000000000004,1
C1067,2,330.0,165.0,2.0,3.9000000000000004,1
C1068,2,820.0,410.0,5.0,4.75,1
C1069,6,1620.0,270.0,11.0,4.116666666666666,0
C1070,2,650.0,325.0,5.0,4.75,1
C1072,2,430.0,215.0,3.0,4.8,1
C1073,1,110.0,110.0,1.0,4.5,1
C1074,1,320.0,320.0,2.0,2.5,1
C1075,5,980.0,196.0,8.0,3.7,0
C1076,4,1070.0,267.5,9.0,4.375,0
C1078,4,640.0,160.0,6.0,4.475,1
C1080,1,220.0,220.0,2.0,2.9,1
C1081,4,1140.0,285.0,7.0,4.125,0
C1082,1,110.0,110.0,1.0,3.5,1
C1083,2,440.0,220.0,3.0,4.05,1
C1084,3,570.0,190.0,3.0,3.8666666666666667,1
C1085,1,210.0,210.0,1.0,4.8,1
C1086,4,1340.0,335.0,7.0,4.1,0
C1088,1,480.0,480.0,3.0,5.0,1
C1089,4,950.0,237.5,7.0,4.425,0
C1090,5,2070.0,414.0,11.0,4.16,0
C1091,1,180.0,180.0,1.0,3.4,1
C1092,5,1310.0,262.0,13.0,4.12,0
C1093,2,210.0,105.0,2.0,4.0,1
C1094,3,690.0,230.0,5.0,3.3666666666666667,1
C1095,7,2250.0,321.42857142857144,14.0,4.114285714285714,0
C1096,5,1070.0,214.0,9.0,3.84,0
C1097,3,420.0,140.0,3.0,2.9,1
C1098,3,550.0,183.33333333333334,5.0,3.6333333333333333,1
C1099,9,1540.0,171.11111111111111,14.0,4.122222222222223,0
C1100,4,800.0,200.0,8.0,3.875,1
C1101,7,1790.0,255.71428571428572,14.0,4.257142857142857,0
C1103,4,1060.0,265.0,7.0,3.55,0
C1104,7,1680.0,240.0,12.0,3.8285714285714287,0
C1105,2,420.0,210.0,3.0,4.3,1
C1106,4,1020.0,255.0,5.0,3.775,1
C1107,2,530.0,265.0,5.0,4.35,1
C1108,2,790.0,395.0,5.0,3.5,1
C1109,2,430.0,215.0,3.0,4.25,1
C1110,1,180.0,180.0,2.0,3.0,1
C1111,7,2470.0,352.85714285714283,13.0,4.114285714285715,0
C1112,4,1480.0,370.0,8.0,4.25,0
C1113,7,1920.0,274.2857142857143,15.0,3.9285714285714284,0
C1114,2,1020.0,510.0,5.0,4.15,1
C1115,2,270.0,135.0,2.0,3.55,1
C1116,3,790.0,263.3333333333333,4.0,4.366666666666666,1
C1117,3,1360.0,453.3333333333333,7.0,4.3,0
C1118,6,2050.0,341.6666666666667,13.0,3.5833333333333335,0
C1119,2,450.0,225.0,4.0,5.0,1
C1120,2,440.0,220.0,5.0,4.35,1
C1121,2,460.0,230.0,3.0,3.6999999999999997,1
C1122,6,1520.0,253.33333333333334,12.0,3.75,0
C1123,2,360.0,180.0,3.0,3.95,1
C1124,2,560.0,280.0,4.0,3.7,1
C1125,2,270.0,135.0,3.0,4.75,1
C1126,6,1700.0,283.3333333333333,11.0,3.9166666666666665,0
C1127,4,1350.0,337.5,10.0,4.3,0
C1128,5,1800.0,360.0,10.0,4.5200000000000005,0
C1129,3,830.0,276.6666666666667,5.0,3.266666666666667,1
C1130,4,530.0,132.5,4.0,3.725,1
C1131,4,870.0,217.5,4.0,3.825,1
C1132,2,380.0,190.0,4.0,4.4,1
C1133,6,1260.0,210.0,10.0,3.9166666666666665,0
C1134,5,1290.0,258.0,10.0,4.18,0
C1135,3,450.0,150.0,5.0,3.6666666666666665,1
C1136,4,1000.0,250.0,7.0,4.2,0
C1137,4,1070.0,267.5,6.0,4.225,0
C1138,2,600.0,300.0,4.0,3.8,1
C1139,2,310.0,155.0,3.0,4.199999999999999,1
C1140,2,510.0,255.0,5.0,3.9000000000000004,1
C1141,4,1240.0,310.0,9.0,4.35,0
C1142,2,730.0,365.0,5.0,3.65,1
C1143,4,790.0,197.5,6.0,3.475,1
C1144,7,2440.0,348.57142857142856,15.0,3.8285714285714287,0
C1145,6,1190.0,198.33333333333334,9.0,4.066666666666666,0
C1146,3,960.0,320.0,4.0,3.4333333333333336,1
C1147,6,1190.0,198.33333333333334,9.0,3.783333333333333,0
C1148,5,1710.0,342.0,10.0,3.94,0
C1149,2,380.0,190.0,3.0,4.75,1
C1150,4,680.0,170.0,7.0,4.075,1
C1151,5,900.0,180.0,7.0,4.2,0
C1152,7,1270.0,181.42857142857142,11.0,3.914285714285714,0
C1153,3,530.0,176.66666666666666,5.0,3.4333333333333336,1
C1154,5,1080.0,216.0,6.0,4.220000000000001,0
C1155,2,380.0,190.0,2.0,3.25,1
C1156,2,380.0,190.0,4.0,4.4,1
C1157,5,1130.0,226.0,7.0,4.4799999999999995,0
C1158,4,1260.0,315.0,7.0,3.9,0
C1159,1,220.0,220.0,2.0,3.9,1
C1160,7,1960.0,280.0,12.0,3.728571428571428,0
C1161,6,1810.0,301.6666666666667,11.0,3.9499999999999997,0
C1162,2,620.0,310.0,4.0,4.1,1
C1163,4,670.0,167.5,4.0,3.8000000000000003,1
C1164,3,1000.0,333.3333333333333,6.0,3.6333333333333333,1
C1165,4,690.0,172.5,6.0,4.025,1
C1166,1,110.0,110.0,1.0,3.8,1
C1167,2,440.0,220.0,4.0,4.449999999999999,1
C1168,3,470.0,156.66666666666666,4.0,4.766666666666667,1
C1169,1,180.0,180.0,2.0,4.5,1
C1170,6,1800.0,300.0,13.0,3.883333333333333,0
C1171,2,250.0,125.0,3.0,4.6,1
C1172,5,1600.0,320.0,10.0,4.1,0
C1173,7,3170.0,452.85714285714283,17.0,3.9857142857142853,0
C1174,2,260.0,130.0,2.0,4.4,1
C1175,1,220.0,220.0,2.0,4.9,1
C1176,2,510.0,255.0,3.0,4.199999999999999,1
C1177,6,1440.0,240.0,10.0,3.9166666666666665,0
C1178,3,430.0,143.33333333333334,5.0,4.133333333333334,1
C1179,5,1320.0,264.0,11.0,3.84,0
C1180,6,1340.0,223.33333333333334,9.0,3.716666666666667,0
C1181,2,420.0,210.0,3.0,4.15,1
C1182,3,580.0,193.33333333333334,3.0,3.766666666666667,1
C1183,2,710.0,355.0,3.0,3.55,1
C1184,4,1000.0,250.0,6.0,3.95,1
C1185,1,420.0,420.0,2.0,3.0,1
C1186,3,910.0,303.3333333333333,5.0,3.5,1
C1187,5,1060.0,212.0,7.0,3.54,0
C1188,3,740.0,246.66666666666666,4.0,3.9,1
C1189,3,1400.0,466.6666666666667,7.0,4.5,0
C1190,6,1720.0,286.6666666666667,9.0,3.8333333333333335,0
C1191,3,510.0,170.0,5.0,4.1000000000000005,1
C1192,7,2120.0,302.85714285714283,12.0,4.2,0
C1194,3,730.0,243.33333333333334,5.0,4.466666666666666,1
C1195,3,600.0,200.0,4.0,4.366666666666667,1
C1196,3,410.0,136.66666666666666,3.0,4.3,1
C1197,2,440.0,220.0,4.0,3.7,1
C1198,6,1730.0,288.3333333333333,9.0,3.966666666666667,0
C1199,1,180.0,180.0,1.0,4.9,1
C1200,1,160.0,160.0,1.0,4.3,1
C1201,3,600.0,200.0,6.0,4.133333333333334,1
C1202,5,770.0,154.0,8.0,4.36,0
C1203,3,870.0,290.0,6.0,3.9333333333333336,1
C1204,1,80.0,80.0,1.0,5.0,1
C1205,2,330.0,165.0,3.0,3.55,1
C1206,2,410.0,205.0,3.0,4.3,1
C1207,3,480.0,160.0,3.0,4.233333333333333,1
C1208,3,820.0,273.3333333333333,6.0,4.133333333333333,1
C1210,2,490.0,245.0,2.0,3.9,1
C1211,1,260.0,260.0,2.0,4.1,1
C1212,3,740.0,246.66666666666666,6.0,3.8666666666666667,1
C1213,3,960.0,320.0,6.0,4.633333333333334,1
C1214,4,730.0,182.5,5.0,4.125,1
C1215,6,1700.0,283.3333333333333,13.0,4.35,0
C1216,3,500.0,166.66666666666666,4.0,4.066666666666666,1
C1217,6,1450.0,241.66666666666666,10.0,3.9499999999999997,0
C1218,6,1550.0,258.3333333333333,11.0,3.9500000000000006,0
C1220,7,1830.0,261.42857142857144,14.0,4.328571428571428,0
C1221,1,160.0,160.0,2.0,4.0,1
C1222,3,1110.0,370.0,5.0,4.2,1
C1223,5,1320.0,264.0,9.0,4.1,0
C1224,5,610.0,122.0,5.0,4.46,1
C1225,5,880.0,176.0,7.0,4.0200000000000005,0
C1226,3,570.0,190.0,3.0,3.766666666666667,1
C1227,5,1100.0,220.0,8.0,4.16,0
C1228,3,670.0,223.33333333333334,5.0,3.7000000000000006,1
C1229,6,940.0,156.66666666666666,6.0,4.133333333333334,0
C1230,2,480.0,240.0,3.0,4.45,1
C1231,6,950.0,158.33333333333334,7.0,4.55,0
C1233,8,2050.0,256.25,14.0,4.0625,0
C1234,1,560.0,560.0,2.0,4.0,1
C1235,2,430.0,215.0,5.0,3.9,1
C1236,4,820.0,205.0,6.0,4.125,1
C1237,4,660.0,165.0,5.0,3.675,1
C1238,3,790.0,263.3333333333333,6.0,3.8333333333333335,1
C1239,5,1400.0,280.0,9.0,3.9799999999999995,0
C1240,3,1180.0,393.3333333333333,5.0,4.433333333333334,0
C1241,1,160.0,160.0,1.0,4.1,1
C1242,4,1280.0,320.0,9.0,4.300000000000001,0
C1243,3,440.0,146.66666666666666,4.0,3.766666666666667,1
C1244,2,340.0,170.0,3.0,3.6999999999999997,1
C1246,2,560.0,280.0,4.0,3.5999999999999996,1
C1247,6,1090.0,181.66666666666666,9.0,4.733333333333333,0
C1249,4,910.0,227.5,8.0,3.4,0
C1250,3,680.0,226.66666666666666,6.0,4.133333333333334,1
C1251,3,350.0,116.66666666666667,3.0,3.766666666666667,1
C1252,7,1570.0,224.28571428571428,14.0,4.214285714285714,0
C1253,6,1360.0,226.66666666666666,10.0,3.8833333333333333,0
C1254,5,1420.0,284.0,10.0,3.84,0
C1255,3,930.0,310.0,6.0,4.266666666666667,1
C1256,2,430.0,215.0,2.0,4.1,1
C1257,5,1340.0,268.0,9.0,3.9599999999999995,0
C1258,2,550.0,275.0,4.0,4.75,1
C1259,6,1660.0,276.6666666666667,11.0,3.5666666666666664,0
C1260,2,670.0,335.0,4.0,4.199999999999999,1
C1261,3,960.0,320.0,8.0,4.066666666666666,0
C1262,2,650.0,325.0,5.0,3.3,1
C1263,1,110.0,110.0,1.0,2.8,1
C1264,6,940.0,156.66666666666666,6.0,4.133333333333334,0
C1265,3,1250.0,416.6666666666667,7.0,3.9333333333333336,0
C1267,4,620.0,155.0,6.0,4.35,1
C1268,5,1410.0,282.0,9.0,3.5799999999999996,0
C1269,1,210.0,210.0,1.0,3.0,1
C1270,2,260.0,130.0,2.0,4.1,1
C1271,4,640.0,160.0,5.0,4.225,1
C1272,2,530.0,265.0,5.0,3.3,1
C1273,5,1270.0,254.0,7.0,4.4799999999999995,0
C1274,2,710.0,355.0,4.0,3.95,1
C1275,3,1110.0,370.0,9.0,4.266666666666667,0
C1277,6,1470.0,245.0,10.0,3.966666666666667,0
C1278,1,210.0,210.0,1.0,3.6,1
C1279,2,260.0,130.0,2.0,3.5,1
C1280,5,1390.0,278.0,11.0,4.340000000000001,0
C1281,2,330.0,165.0,2.0,4.7,1
C1282,4,1630.0,407.5,10.0,3.8,0
C1283,6,1200.0,200.0,9.0,4.466666666666667,0
C1284,4,1050.0,262.5,6.0,3.7249999999999996,1
C1285,4,980.0,245.0,7.0,3.8000000000000003,0
C1286,6,1820.0,303.3333333333333,11.0,4.083333333333333,0
C1287,1,280.0,280.0,1.0,5.0,1
C1288,4,820.0,205.0,7.0,4.7,1
C1289,7,1860.0,265.7142857142857,15.0,4.042857142857143,0
C1290,2,270.0,135.0,2.0,4.2,1
C1291,2,190.0,95.0,2.0,3.8,1
C1292,3,610.0,203.33333333333334,6.0,4.166666666666667,1
C1293,3,580.0,193.33333333333334,5.0,3.266666666666667,1
C1294,6,1540.0,256.6666666666667,11.0,4.283333333333333,0
C1295,2,490.0,245.0,3.0,4.25,1
C1296,4,1510.0,377.5,10.0,4.25,0
C1297,1,180.0,180.0,2.0,4.5,1
C1298,1,160.0,160.0,2.0,4.6,1
C1299,2,440.0,220.0,3.0,3.8499999999999996,1
C1300,2,520.0,260.0,3.0,4.15,1
